date,weekday,data,bias,arms,setups,fills,taken,blocked_bias,blocked_third,blocked_early,blocked_late,superseded,disarmed,other,day_pnl,cum_setups,cum_pnl,exp_cum,se_cum,status,watchdog,roll,open_at_close,nt8_running_at_close,nt8_log_today,log_file,notes
2026-09-08,Tue,yes,Long,53,10,44,10,10,1,0,0,13,0,19,-441.0,10,-441.0,16.1,691.87,in band,1,0,0,yes,yes,EinsteinClone-20260908T130437Z-cd0efd.csv,0
2026-09-09,Wed,yes,Short,64,14,59,14,15,1,0,0,20,0,14,1210.2,24,769.2,38.64,1071.85,in band,1,0,0,yes,yes,EinsteinClone-20260908T130437Z-cd0efd.csv,1
2026-09-10,Thu,yes,Short,4,2,8,2,1,0,0,0,0,0,1,-656.9,26,112.3,41.86,1115.61,in band,1,0,0,yes,yes,EinsteinClone-20260910T131701Z-e27296.csv,1
2026-09-11,Fri,yes,Long,50,5,25,5,7,1,0,0,7,0,30,193.5,31,305.8,49.91,1218.17,in band,0,0,0,yes,yes,EinsteinClone-20260911T122757Z-714b5d.csv,1
2026-09-14,Mon,no,,0,0,0,0,0,0,0,0,0,0,0,0,31,305.8,49.91,1218.17,NO DATA,0,0,0,no,no,,1
2026-09-15,Tue,no,,0,0,0,0,0,0,0,0,0,0,0,0,31,305.8,49.91,1218.17,NO DATA,0,0,0,yes,yes,,0
2026-09-16,Wed,yes,Long,107,28,110,28,34,1,0,0,38,0,6,-1799.6,59,-1493.8,94.99,1680.56,in band,0,0,11,yes,yes,EinsteinClone-20260916T123254Z-de1366.csv,0
2026-09-17,Thu,yes,Long,73,6,24,6,10,1,0,0,15,0,41,107.4,65,-1386.4,104.65,1763.94,in band,0,0,4,yes,yes,EinsteinClone-20260916T123254Z-de1366.csv,0
2026-09-18,Fri,yes,,3,0,0,0,0,0,0,0,0,0,3,0,65,-1386.4,104.65,1763.94,in band,1,0,0,no,yes,EinsteinClone-20260916T123254Z-de1366.csv,0
2026-09-21,Mon,yes,Long,19,4,16,4,8,1,0,0,3,0,3,1022.0,69,-364.4,111.09,1817.41,in band,0,0,1,yes,yes,EinsteinClone-20260921T132245Z-3a029a.csv,0
2026-09-22,Tue,yes,Long,79,8,32,8,9,1,0,0,20,0,41,509.4,77,145.0,123.97,1919.87,in band,0,0,2,yes,yes,EinsteinClone-20260921T132245Z-3a029a.csv,0
2026-09-23,Wed,yes,Long,78,17,66,17,21,1,0,0,17,0,22,-1783.6,94,-1638.6,151.34,2121.25,in band,0,0,3,yes,yes,EinsteinClone-20260921T132245Z-3a029a.csv,0
2026-09-24,Thu,yes,Short,144,26,104,26,33,1,0,0,30,0,54,-801.7,120,-2440.3,193.2,2396.72,in band,0,0,4,yes,yes,EinsteinClone-20260921T132245Z-3a029a.csv,0
2026-09-28,Mon,no,,0,0,0,0,0,0,0,0,0,0,0,0,120,-2440.3,193.2,2396.72,NO DATA,0,0,0,no,yes,,0
2026-09-29,Tue,no,,0,0,0,0,0,0,0,0,0,0,0,0,120,-2440.3,193.2,2396.72,NO DATA,0,0,0,no,yes,,0
